Rank,Name,Level,XP,Page
1999976,db_thr0ne,28,11723,80000
1999977,Dared Dev,28,11723,80000
1999978,fleur 33,28,11723,80000
1999979,RixRune,28,11723,80000
1999980,41 Say Cat,28,11723,80000
1999981,0RUNM1LA,28,11723,80000
1999982,ShinyPotato7,28,11723,80000
1999983,Goyo Bank,28,11723,80000
1999984,Trash Pole,28,11723,80000
1999985,Freak_N Oot,28,11723,80000
1999986,Gentlezone,28,11723,80000
1999987,Unex Junior,28,11722,80000
1999988,kenqu,28,11722,80000
1999989,TrapHeals,28,11722,80000
1999990,Slew Shark,28,11722,80000
1999991,brokehomie,28,11722,80000
1999992,KNOCKED D0WN,28,11722,80000
1999993,OverManVick,28,11722,80000
1999994,Divineclowns,28,11722,80000
1999995,A 57 Unity,28,11722,80000
1999996,Grimm_Kane,28,11722,80000
1999997,D1rtyB0y,28,11722,80000
1999998,CletusKlump,28,11722,80000
1999999,KathedPrixs,28,11722,80000
2000000,Brice12,28,11722,80000
999976,sandybar1985,53,147700,40000
999977,Pelmenis,53,147700,40000
999978,Law Dragon,53,147700,40000
999979,gn clown,53,147699,40000
999980,Diamond_Dire,53,147699,40000
999981,MainSpider,53,147699,40000
999982,fiffina98,53,147699,40000
999983,Sonnie D,53,147699,40000
999984,Medic Droid,53,147699,40000
999985,CatchTheBeat,53,147699,40000
999986,AeroToke,53,147699,40000
999987,OzzDog,53,147698,40000
999988,Fedmahn,53,147698,40000
999989,Xoirexi,53,147698,40000
999990,DeeWreck,53,147698,40000
999991,kingAlphonse,53,147698,40000
999992,turtlechins,53,147697,40000
999993,Jellyrolls25,53,147697,40000
999994,Bararium,53,147697,40000
999995,ThexAardvark,53,147697,40000
999996,Neon Phantom,53,147696,40000
999997,TURBODYNA,53,147696,40000
999998,tilcali,53,147696,40000
999999,Sprey,53,147696,40000
1000000,iagao z,53,147696,40000
1499976,xActive,42,48669,60000
1499977,3 91,42,48669,60000
1499978,dakidd4149,42,48669,60000
1499979,ChasieBoy,42,48669,60000
1499980,Flop Pa,42,48669,60000
1499981,Flyguys9,42,48669,60000
1499982,Fraud Frog,42,48669,60000
1499983,RaginRobert,42,48668,60000
1499984,Hc ohJaqo,42,48668,60000
1499985,Tonsor,42,48668,60000
1499986,Qwinn,42,48668,60000
1499987,Vader_Hard,42,48668,60000
1499988,ThrustingSax,42,48668,60000
1499989,MmPolygon,42,48668,60000
1499990,Zombie Zoo,42,48667,60000
1499991,fat pride,42,48667,60000
1499992,herrakettune,42,48667,60000
1499993,B0NE CARVER,42,48667,60000
1499994,ali3nqueen,42,48667,60000
1499995,Doomeru,42,48667,60000
1499996,gangly shaft,42,48666,60000
1499997,razerblade,42,48666,60000
1499998,Magnect,42,48666,60000
1499999,bluechew,42,48666,60000
1500000,SupremeBlack,42,48665,60000
1749976,AshenRabbit,34,20626,70000
1749977,Pezzer007,34,20626,70000
1749978,313sFinest,34,20626,70000
1749979,HC Hamns,34,20626,70000
1749980,felo star,34,20626,70000
1749981,Pul Bier,34,20626,70000
1749982,Iron zurf,34,20626,70000
1749983,[#6FZQRQDIN],34,20625,70000
1749984,faceclapper,34,20625,70000
1749985,B O X S A,34,20625,70000
1749986,Chubalt,34,20625,70000
1749987,Dominicb12,34,20625,70000
1749988,iiprivis,34,20625,70000
1749989,Soviet42,34,20625,70000
1749990,Rayrayk7,34,20625,70000
1749991,1wholies,34,20625,70000
1749992,936M,34,20625,70000
1749993,Bee Baa,34,20625,70000
1749994,Taylor Mars,34,20625,70000
1749995,MIRAG3OBSCUR,34,20625,70000
1749996,Desteker,34,20625,70000
1749997,AngelSplash,34,20625,70000
1749998,Og Big Joe,34,20625,70000
1749999,Im sowi dude,34,20624,70000
1750000,Crapy 0s,34,20624,70000
1874976,Deathmare117,30,14793,75000
1874977,ThyriolSheep,30,14793,75000
1874978,Sir Mykael,30,14793,75000
1874979,kingjbus3,30,14793,75000
1874980,Hanseatics,30,14793,75000
1874981,mfw_dro,30,14793,75000
1874982,Fonsyp,30,14793,75000
1874983,JRowch,30,14793,75000
1874984,Average Bow,30,14793,75000
1874985,Luca Blight,30,14793,75000
1874986,Cmenclub,30,14793,75000
1874987,MalacfiXD,30,14793,75000
1874988,el chulito 1,30,14793,75000
1874989,gdcmund020,30,14793,75000
1874990,Mr LSD,30,14793,75000
1874991,GootMaster,30,14793,75000
1874992,LSD emon,30,14793,75000
1874993,HLYA TTV,30,14793,75000
1874994,4lf,30,14793,75000
1874995,Warriorr,30,14792,75000
1874996,Take Lessons,30,14792,75000
1874997,RichardNLOP,30,14792,75000
1874998,[#APEDH0W7Z],30,14792,75000
1874999,the addy kin,30,14792,75000
1875000,Opossumii,30,14792,75000
1937476,gnarrcissist,30,13378,77500
1937477,Witchyboos,30,13378,77500
1937478,Ayo_459,30,13378,77500
1937479,Trillborn,30,13378,77500
1937480,Hoslordman,30,13378,77500
1937481,T00 GOOD 4 U,30,13378,77500
1937482,blankethehe,30,13378,77500
1937483,PureRocky8,30,13378,77500
1937484,SpaceCookies,30,13378,77500
1937485,ecece,30,13378,77500
1937486,WitchmasterX,30,13378,77500
1937487,HellTank632,30,13378,77500
1937488,AxRwCe03,30,13378,77500
1937489,Deathwings38,30,13378,77500
1937490,MAD SHA,30,13378,77500
1937491,Socceram316,30,13378,77500
1937492,Arcantient,30,13378,77500
1937493,GrimRaven21,30,13378,77500
1937494,gaeysonxd,30,13378,77500
1937495,denie444,30,13378,77500
1937496,Kiriasue,30,13378,77500
1937497,Orifaren,30,13378,77500
1937498,11inchfinch,30,13378,77500
1937499,Daysday0313,30,13378,77500
1937500,ckick3nhntr5,30,13378,77500
1968726,Kronini,29,12596,78750
1968727,LassoGuard,29,12596,78750
1968728,GM Gangster,29,12596,78750
1968729,irongameboi,29,12596,78750
1968730,colataaa,29,12596,78750
1968731,Sir Myzer,29,12596,78750
1968732,[#JPVUW2VLU],29,12595,78750
1968733,ArtixSkillz,29,12595,78750
1968734,memedaddy024,29,12595,78750
1968735,xlLiquidlx,29,12595,78750
1968736,Smoke Herbb,29,12595,78750
1968737,ye im cancer,29,12595,78750
1968738,HCIM A-Z,29,12595,78750
1968739,Thalbert,29,12595,78750
1968740,LORD SLADE1,29,12595,78750
1968741,LionHacks,29,12595,78750
1968742,IronGun69,29,12595,78750
1968743,VP Maine,29,12595,78750
1968744,Exp Manoo,29,12595,78750
1968745,Damrau Def,29,12595,78750
1968746,purplehaze09,29,12595,78750
1968747,Happyhens,29,12595,78750
1968748,Thogerr,29,12595,78750
1968749,Impulsive 1,29,12595,78750
1968750,Dewick,29,12595,78750
1984351,midwest zone,29,12167,79375
1984352,iSlayPandas,29,12167,79375
1984353,PvM_ShadowNL,29,12167,79375
1984354,Beaunarsup,29,12167,79375
1984355,SpaceLofts,29,12167,79375
1984356,Dragon belch,29,12167,79375
1984357,Coolriver498,29,12167,79375
1984358,uwuhardcore,29,12167,79375
1984359,Mehmur,29,12167,79375
1984360,Cojoncete,29,12167,79375
1984361,powerdrive12,29,12167,79375
1984362,GIM Mikk,29,12167,79375
1984363,5 deadly vnm,29,12167,79375
1984364,Sugginthedug,29,12167,79375
1984365,GIM Ike,29,12167,79375
1984366,Wolfforthog,29,12167,79375
1984367,StefanLoven2,29,12167,79375
1984368,Sectkingsman,29,12167,79375
1984369,TheVapist,29,12166,79375
1984370,Ricardo Pina,29,12166,79375
1984371,Iron AxelSuy,29,12166,79375
1984372,Yirazi,29,12166,79375
1984373,Tiffy Cash,29,12166,79375
1984374,IheisenbergI,29,12166,79375
1984375,Oxyacetylene,29,12166,79375
1992151,faandres,28,11951,79687
1992152,osrs vet 007,28,11951,79687
1992153,Vrozer,28,11951,79687
1992154,sboyd96,28,11951,79687
1992155,RenegadeRab,28,11951,79687
1992156,Rae Dying,28,11951,79687
1992157,Laye1,28,11951,79687
1992158,name me up,28,11951,79687
1992159,Zelagon,28,11951,79687
1992160,FabledNoG,28,11951,79687
1992161,Draemor BTW,28,11951,79687
1992162,MrAspct,28,11951,79687
1992163,Konfuses,28,11951,79687
1992164,Tenacity B,28,11951,79687
1992165,seiswaldBBB,28,11951,79687
1992166,Pro Pker03,28,11950,79687
1992167,Rebelic,28,11950,79687
1992168,AlliancE-Z,28,11950,79687
1992169,maljack007,28,11950,79687
1992170,Maxmono1,28,11950,79687
1992171,Ryuji jr,28,11950,79687
1992172,Dradraes,28,11950,79687
1992173,HeWhoSmashes,28,11950,79687
1992174,ez eight,28,11950,79687
1992175,Buddhizen,28,11950,79687
1988251,[#BY0RB9H1T],29,12056,79531
1988252,thomborja,29,12056,79531
1988253,Made By My,29,12056,79531
1988254,Mopolale,29,12056,79531
1988255,Wombatchick,29,12056,79531
1988256,Nichols326,29,12056,79531
1988257,Shadowflurry,29,12056,79531
1988258,be gentle x,29,12056,79531
1988259,Koala HC,29,12056,79531
1988260,RRecommended,29,12056,79531
1988261,PaffenSport,29,12056,79531
1988262,HC DrMario,29,12056,79531
1988263,Iron Tommmy,29,12056,79531
1988264,Monkeychunck,29,12056,79531
1988265,mintkit,29,12056,79531
1988266,HC SOLIJA v2,29,12056,79531
1988267,Big Ol Spud,29,12056,79531
1988268,Aguani,29,12056,79531
1988269,Pwna,29,12056,79531
1988270,sinansakic10,29,12056,79531
1988271,rogstad179,29,12056,79531
1988272,SpawnTyrant,29,12056,79531
1988273,HCIM t0mmyy,29,12056,79531
1988274,Nioruna,29,12056,79531
1988275,Ir0nDucky,29,12056,79531
1990201,manuelatbow,28,12020,79609
1990202,LyokomzmGIM,28,12020,79609
1990203,IronSquidGas,28,12020,79609
1990204,xIronThaKatx,28,12020,79609
1990205,ChilledPixl,28,12020,79609
1990206,fingerss,28,12019,79609
1990207,killert00,28,12019,79609
1990208,Kushman2k16,28,12019,79609
1990209,RawrfOOOL,28,12019,79609
1990210,Strongelf59,28,12019,79609
1990211,Im Afk Okay,28,12019,79609
1990212,Sulyvaahn,28,12019,79609
1990213,Saevyl,28,12019,79609
1990214,HCRIST,28,12019,79609
1990215,TradeUpNoBeg,28,12019,79609
1990216,FleshTree,28,12019,79609
1990217,Sheawee,28,12019,79609
1990218,kakashi is G,28,12019,79609
1990219,Ironsave2064,28,12019,79609
1990220,dllb90,28,12019,79609
1990221,Outer Dark,28,12019,79609
1990222,Superhighsam,28,12019,79609
1990223,ckjmaney,28,12019,79609
1990224,Bonzoboy18,28,12019,79609
1990225,The Ahri,28,12019,79609
1989226,Jacy4321,29,12040,79570
1989227,SoLxSpicy,29,12040,79570
1989228,Lance Haze,29,12040,79570
1989229,HCIM VVS3,29,12040,79570
1989230,mandera22,29,12040,79570
1989231,5callion5lut,29,12040,79570
1989232,ReddyHeady,29,12040,79570
1989233,SimplyMobile,29,12040,79570
1989234,ScaBull,29,12040,79570
1989235,gotcovid19,29,12040,79570
1989236,Danspin AS,29,12040,79570
1989237,vhmeed,29,12040,79570
1989238,Throne malon,29,12040,79570
1989239,Big boss08,29,12040,79570
1989240,Grooobe,29,12040,79570
1989241,I Pepp I,29,12040,79570
1989242,Cabanossi,29,12040,79570
1989243,dead hc xd,29,12040,79570
1989244,LordsTrusted,29,12040,79570
1989245,GIM_Nolan,29,12040,79570
1989246,AreWeStillOr,29,12040,79570
1989247,M3mbe,29,12040,79570
1989248,Iron Atuv,29,12040,79570
1989249,TurboTirsdag,29,12040,79570
1989250,Djambino,29,12040,79570
1989726,longg251,29,12033,79590
1989727,Halcyon Hell,29,12033,79590
1989728,wickdeeb,29,12033,79590
1989729,Rawdawgn9,29,12033,79590
1989730,Shadow Heist,29,12033,79590
1989731,HC Ainzz,29,12033,79590
1989732,Sonicsuper,29,12033,79590
1989733,Ienzo,29,12033,79590
1989734,Mars 7,29,12033,79590
1989735,LoneWolf93,29,12033,79590
1989736,cloudot,29,12033,79590
1989737,Pachong,29,12033,79590
1989738,Mcgigglezz,29,12033,79590
1989739,hardfudge55,29,12033,79590
1989740,Guyver_Unit,29,12033,79590
1989741,Krownpower,29,12033,79590
1989742,basicbradley,29,12033,79590
1989743,nebstors,29,12033,79590
1989744,Polind1,29,12033,79590
1989745,Tommy XNL,29,12033,79590
1989746,Spartan L21,29,12033,79590
1989747,buydogcoin,29,12033,79590
1989748,Klcmmiii,29,12033,79590
1989749,WizzrobeToes,29,12033,79590
1989750,AhmadDM,29,12033,79590
1989976,hciron dead,28,12030,79600
1989977,Moraken2k3,28,12030,79600
1989978,la rita,28,12030,79600
1989979,ZeeenaRi,28,12030,79600
1989980,SPELL R E D,28,12030,79600
1989981,Vinc0rtodox,28,12030,79600
1989982,Massacure,28,12029,79600
1989983,TempuraWimp,28,12029,79600
1989984,AngryGrim,28,12029,79600
1989985,Absorb It,28,12029,79600
1989986,Phezix2,28,12029,79600
1989987,SpicySparrow,28,12029,79600
1989988,Kasmith,28,12029,79600
1989989,A Rich Guy,28,12029,79600
1989990,Sir Dankwood,28,12029,79600
1989991,Tulike,28,12029,79600
1989992,McL0vinItGud,28,12029,79600
1989993,elangelrojo,28,12029,79600
1989994,Strix Nem,28,12029,79600
1989995,SemiCos,28,12029,79600
1989996,Hackingnoob,28,12028,79600
1989997,Ez Banks,28,12028,79600
1989998,Sam Hardcore,28,12028,79600
1989999,im spaceman,28,12028,79600
1990000,Fe XQH,28,12028,79600
1989851,I K0ED N0W I,29,12032,79595
1989852,AFK HC FTW,29,12032,79595
1989853,Helvarr,29,12032,79595
1989854,British Fe,29,12032,79595
1989855,IRONSOFAFACE,29,12032,79595
1989856,mikemake1,29,12032,79595
1989857,HCIM 420 247,29,12032,79595
1989858,StepbroChuck,29,12032,79595
1989859,Im Wolvy,29,12032,79595
1989860,Druzed,29,12032,79595
1989861,RiskyRaichu,29,12032,79595
1989862,Thighron,29,12032,79595
1989863,HCgreenshirt,29,12032,79595
1989864,Haggislainen,29,12032,79595
1989865,SuckOnDeeeez,29,12032,79595
1989866,Yuuge Cap,29,12032,79595
1989867,padreig,29,12032,79595
1989868,Voutiree,29,12032,79595
1989869,Endoredd,29,12032,79595
1989870,Cykon Xavcay,29,12032,79595
1989871,HCIM Damn,29,12032,79595
1989872,AussieRSGuy,29,12032,79595
1989873,Troubbllee,29,12032,79595
1989874,Iron Memeza,29,12032,79595
1989875,King of LT,29,12032,79595
1989901,Born Bad,29,12031,79597
1989902,oldzoshi,29,12031,79597
1989903,Borrow Xp,29,12031,79597
1989904,yungchrome,29,12031,79597
1989905,OzzySenpai,29,12031,79597
1989906,Lost Pages,29,12031,79597
1989907,alkibi,29,12031,79597
1989908,LootYaBish,29,12031,79597
1989909,Iron Brega,29,12031,79597
1989910,Iron p3rson,29,12031,79597
1989911,Im Solo King,29,12031,79597
1989912,DrRamoos,29,12031,79597
1989913,ghost6242,29,12031,79597
1989914,HCIM G3White,29,12031,79597
1989915,dil95,29,12031,79597
1989916,hc scape420,29,12031,79597
1989917,call me hell,29,12031,79597
1989918,CherryDaddy,29,12031,79597
1989919,IronLuckster,29,12031,79597
1989920,WoodDivision,29,12031,79597
1989921,8UFF0RD,29,12031,79597
1989922,Le Fe Asuna,29,12031,79597
1989923,AsunaRayn,29,12031,79597
1989924,Heather 2oo9,29,12031,79597
1989925,zx387,29,12031,79597
1989926,satanvsgod,29,12031,79598
1989927,Mauls NZ,29,12031,79598
1989928,ViagraMannen,29,12031,79598
1989929,apexwolf92,29,12031,79598
1989930,ttt s,29,12031,79598
1989931,fantazia pw,29,12031,79598
1989932,91mime2390,29,12031,79598
1989933,HCAlailia,29,12031,79598
1989934,Captn Covid,29,12031,79598
1989935,Med deaded,29,12031,79598
1989936,utcakiraly,29,12031,79598
1989937,Sick Fuvkk,29,12031,79598
1989938,LCLV,29,12031,79598
1989939,bad caos,29,12031,79598
1989940,Iron WestTx,29,12031,79598
1989941,starburst893,29,12031,79598
1989942,Missed You,29,12031,79598
1989943,Ironman_ARK,29,12031,79598
1989944,Khaos Spider,29,12031,79598
1989945,dasher1235,29,12031,79598
1989946,Tanex TV,29,12031,79598
1989947,StreakEagle,29,12031,79598
1989948,GetPlayedRat,29,12031,79598
1989949,Panda Booger,29,12031,79598
1989950,Thtsaopachki,29,12031,79598
